{
  "best_final_J": -0.28920788621371,
  "theta_best": [
    6.701292739517022e-16,
    1.1845241446060195,
    0.14878303533922116,
    0.011389976682498287,
    0.16071947654499236
  ],
  "runtime_sec": 6.059127900000021,
  "best_run_idx": 0,
  "final_population_size": 4,
  "archive_final_size": 4,
  "max_power_MW": 5.6571221252176045,
  "validation_checks": {
    "best_J_nonincreasing": true,
    "diversity_nonzero": true,
    "archive_used": true,
    "adaptive_updates_present": true,
    "final_theta_inside_bounds": true,
    "power_curve_finite": true
  },
  "generated_figures": [
    "convergence.png",
    "archive_dynamics.png",
    "population_diversity.png",
    "population_size.png",
    "adaptive_F.png",
    "adaptive_CR.png",
    "successful_updates.png",
    "power_curve.png",
    "control_laws.png"
  ],
  "n_runs": 15,
  "max_evals": 20000,
  "run_seeds": [
    202401,
    202402,
    202403,
    202404,
    202405,
    202406,
    202407,
    202408,
    202409,
    202410,
    202411,
    202412,
    202413,
    202414,
    202415
  ]
}