run_idx,LLM-OPRO,SPSO-2011,L-SHADE,RandomSearch
0,4.0,2.0,1.0,3.0
1,4.0,2.0,1.0,3.0
2,4.0,2.0,1.0,3.0
3,4.0,2.0,1.0,3.0
4,4.0,2.0,1.0,3.0
5,4.0,2.0,1.0,3.0
6,4.0,2.0,1.0,3.0
7,4.0,2.0,1.0,3.0
8,4.0,2.0,1.0,3.0
9,4.0,2.0,1.0,3.0
10,4.0,2.0,1.0,3.0
11,3.0,2.0,1.0,4.0
12,4.0,2.0,1.0,3.0
13,4.0,2.0,1.0,3.0
14,4.0,2.0,1.0,3.0
average,3.933333333333333,2.0,1.0,3.066666666666667
