run_idx,LLM-OPRO,SPSO-2011,CMA-ES,L-SHADE,RandomSearch
0,5.0,3.0,2.0,1.0,4.0
1,5.0,3.0,2.0,1.0,4.0
2,5.0,3.0,2.0,1.0,4.0
3,5.0,3.0,2.0,1.0,4.0
4,5.0,3.0,2.0,1.0,4.0
5,5.0,3.0,2.0,1.0,4.0
6,5.0,3.0,2.0,1.0,4.0
7,5.0,3.0,2.0,1.0,4.0
8,5.0,3.0,2.0,1.0,4.0
9,5.0,3.0,2.0,1.0,4.0
10,5.0,2.0,4.0,1.0,3.0
11,4.0,3.0,2.0,1.0,5.0
12,5.0,2.0,4.0,1.0,3.0
13,5.0,3.0,2.0,1.0,4.0
14,5.0,3.0,2.0,1.0,4.0
average,4.933333333333334,2.8666666666666667,2.2666666666666666,1.0,3.933333333333333
