method,LLM-OPRO,SPSO-2011,L-SHADE,RandomSearch
LLM-OPRO,1.0,0.0002402704961412816,2.9336040263672203e-09,0.2552315983375366
SPSO-2011,0.0002402704961412816,1.0,0.14627148104765975,0.10685867063645738
L-SHADE,2.9336040263672203e-09,0.14627148104765975,1.0,6.874546153956551e-05
RandomSearch,0.2552315983375366,0.10685867063645738,6.874546153956551e-05,1.0
