method,LLM-OPRO,SPSO-2011,CMA-ES,L-SHADE,RandomSearch
LLM-OPRO,1.0,0.003170946570622557,3.7963172858757055e-05,9.574374626453164e-11,0.41412976767299914
SPSO-2011,0.003170946570622557,1.0,0.8371403359580863,0.010746232775774689,0.34617519530189966
CMA-ES,3.7963172858757055e-05,0.8371403359580863,1.0,0.1818867202153076,0.031829497227632286
L-SHADE,9.574374626453164e-11,0.010746232775774689,0.1818867202153076,1.0,3.7334348877982038e-06
RandomSearch,0.41412976767299914,0.34617519530189966,0.031829497227632286,3.7334348877982038e-06,1.0
