method_a,method_b,statistic,p_value,p_holm,reject_holm_0.05
LLM-OPRO,SPSO-2011,0.0,6.103515625e-05,0.0006103515625,True
LLM-OPRO,CMA-ES,0.0,6.103515625e-05,0.0006103515625,True
LLM-OPRO,L-SHADE,0.0,6.103515625e-05,0.0006103515625,True
LLM-OPRO,RandomSearch,1.0,0.0001220703125,0.0006103515625,True
SPSO-2011,CMA-ES,29.0,0.083251953125,0.16650390625,False
SPSO-2011,L-SHADE,0.0,6.103515625e-05,0.0006103515625,True
SPSO-2011,RandomSearch,0.0,6.103515625e-05,0.0006103515625,True
CMA-ES,L-SHADE,0.0,6.103515625e-05,0.0006103515625,True
CMA-ES,RandomSearch,29.0,0.083251953125,0.16650390625,False
L-SHADE,RandomSearch,0.0,6.103515625e-05,0.0006103515625,True
