method_a,method_b,statistic,p_value,p_holm,reject_holm_0.05
LLM-OPRO,SPSO-2011,0.0,6.103515625e-05,0.0003662109375,True
LLM-OPRO,L-SHADE,0.0,6.103515625e-05,0.0003662109375,True
LLM-OPRO,RandomSearch,1.0,0.0001220703125,0.0003662109375,True
SPSO-2011,L-SHADE,0.0,6.103515625e-05,0.0003662109375,True
SPSO-2011,RandomSearch,0.0,6.103515625e-05,0.0003662109375,True
L-SHADE,RandomSearch,0.0,6.103515625e-05,0.0003662109375,True
